{
    "captureDate": "23:11:15",
    "captureTime": "07:51:12",
    "imageQualityTest": {
        "Blurry": true
    },
    "CellPhoneInUse": false,
    "CellPhoneInArea": false,
    "CellPhoneTakePics": false,
    "detectedObjectsCount": {
        "person": 1,
        "backpack": 0,
        "handbag": 0,
        "cup": 0,
        "fork": 0,
        "knife": 0,
        "spoon": 0,
        "bowl": 0,
        "chair": 0,
        "keyboard": 2,
        "mouse": 0,
        "cell phone": 0,
        "book": 0
    },
    "detectedObjectConfidence": {
        "person": 0.59,
        "backpack": 0,
        "handbag": 0,
        "cup": 0,
        "fork": 0,
        "knife": 0,
        "spoon": 0,
        "bowl": 0,
        "chair": 0,
        "keyboard": 0.31,
        "mouse": 0,
        "cell phone": 0,
        "book": 0
    },
    "faceInfo": {
        "faceDetect": true,
        "faceEncodings": [
            -0.13363227248191833,
            0.055007658898830414,
            -0.009751742705702782,
            0.0004508453421294689,
            -0.0755028948187828,
            0.009538962505757809,
            0.04022378847002983,
            -0.15846392512321472,
            0.10118698328733444,
            -0.04171142727136612,
            0.13453541696071625,
            -0.0950370579957962,
            -0.3513575494289398,
            -0.08561261743307114,
            -0.012885681353509426,
            0.16957011818885803,
            -0.05503525212407112,
            -0.03425362706184387,
            -0.21828524768352509,
            -0.11676952242851257,
            0.035487934947013855,
            0.0720452219247818,
            0.054659921675920486,
            -0.012142394669353962,
            -0.09820814430713654,
            -0.22602209448814392,
            -0.06801487505435944,
            -0.10605987906455994,
            0.022733427584171295,
            -0.10407169908285141,
            0.06255686283111572,
            0.0383853018283844,
            -0.140825554728508,
            -0.08406874537467957,
            -0.0008720075711607933,
            -0.024081023409962654,
            -0.06471873074769974,
            -0.10105329751968384,
            0.2081938236951828,
            0.004463874734938145,
            -0.12130819261074066,
            0.012054733000695705,
            0.04309850186109543,
            0.19373972713947296,
            0.20502354204654694,
            0.004045683890581131,
            0.07146774232387543,
            -0.11642584204673767,
            0.12163355946540833,
            -0.29861781001091003,
            0.011731060221791267,
            0.051960259675979614,
            0.08452266454696655,
            0.0667121410369873,
            0.0967852771282196,
            -0.1397060602903366,
            -0.00012742914259433746,
            0.19473473727703094,
            -0.21851889789104462,
            0.1341649293899536,
            0.05167929455637932,
            -0.0684209018945694,
            -0.09662166237831116,
            0.006847852375358343,
            0.15313874185085297,
            0.12092047184705734,
            -0.12112326920032501,
            -0.11451324820518494,
            0.19778096675872803,
            -0.17307600378990173,
            -0.05439990758895874,
            0.05737212300300598,
            -0.07711658626794815,
            -0.16816295683383942,
            -0.32595208287239075,
            0.04043283686041832,
            0.37213215231895447,
            0.13082671165466309,
            -0.20820385217666626,
            -0.045467570424079895,
            -0.04728277027606964,
            0.02091951295733452,
            0.047035034745931625,
            0.08835616707801819,
            -0.07210773974657059,
            -0.12817919254302979,
            -0.03285019472241402,
            -0.023930370807647705,
            0.17877420783042908,
            -0.03555033355951309,
            -0.05598457157611847,
            0.3068690598011017,
            0.0757361575961113,
            -0.058974407613277435,
            0.003274488728493452,
            0.06650146842002869,
            -0.10443035513162613,
            -0.11277920007705688,
            -0.03282742202281952,
            -0.06961113959550858,
            0.11611656099557877,
            -0.10391456633806229,
            0.07885967940092087,
            0.1291176825761795,
            -0.13712748885154724,
            0.2386026531457901,
            -0.08329127728939056,
            0.011091968975961208,
            0.008348824456334114,
            -0.07372754067182541,
            -0.0033021410927176476,
            0.09006126970052719,
            0.1593584567308426,
            -0.18410354852676392,
            0.16342827677726746,
            0.15687017142772675,
            -0.03856409341096878,
            0.08512671291828156,
            0.02621678076684475,
            0.09979240596294403,
            0.022519133985042572,
            0.08565870672464371,
            -0.1454390585422516,
            -0.13842712342739105,
            0.05165690928697586,
            -0.0013734111562371254,
            0.011606505140662193,
            0.0520269051194191
        ],
        "faceLocation": [
            [
                297,
                92
            ],
            [
                341,
                153
            ]
        ]
    },
    "ObjectTypeCount": {
        "personObjects": {
            "person": 1,
            "chair": 0
        },
        "keyboardObjects": {
            "keyboard": 2
        },
        "deskObjects": {
            "keyboard": 2,
            "mouse": 0
        }
    },
    "observer": true,
    "observerCount": 1,
    "FPS": 0
}